Wall time,Step,Value,Smoothed Value
1719562869.3442392,113,0.4418846374079394,0.522639720610568
1719562873.4191499,114,-0.26474768912663804,0.1443659709824045
1719562875.3559077,117,0.387708257949846,0.2445047688229669
1719562903.3265646,152,0.5331082838827004,0.3311719249830441
1719562957.3513477,217,-0.4204064433750131,0.1799323322536885
1719562957.7368968,217,-0.29680895644299576,0.0817697774155512
1719562959.4980655,222,-0.07022253926317766,0.0664874636784696
1719562965.8375864,232,0.4823428809651955,0.1143456678859209
1719562985.6152275,252,0.49737065824187054,0.1510984344767191
1719563011.5628395,283,0.5796425194167077,0.1858399249446782
1719563010.4391336,285,0.2364536989106584,0.2001946309086474
1719563035.1631448,314,0.24869263933704558,0.2006490358945575
1719563033.2251046,314,-0.18910768568987066,0.1688445540203846
1719563034.4932034,315,-0.20781538748771147,0.1366356345913035
1719563045.5745907,327,0.35169180899775754,0.1563008076220108
1719563054.9042952,341,-0.1773238175046019,0.1386202129944302
1719563058.079613,343,-0.07040420476091334,0.1248699712288154
1719563053.8642623,344,-0.14096191693659046,0.1065413225927158
1719563061.47599,354,-0.20333990240253702,0.0887699522013414
1719563068.5042658,356,0.23894374332098353,0.0992994568442284
1719563078.041654,371,0.439375040552082,0.1143750269881662
1719563082.2953424,373,-0.2105566451378042,0.1016460545156297
1719563082.65586,374,-0.553164985353961,0.0713638094994969
1719563113.2685976,415,0.3579821141532812,0.0845540197418252
1719563112.0193572,416,-0.0031414658188659017,0.0836121922809921
1719563130.033601,433,0.6474317839491666,0.1069185656886374
1719563127.5218194,434,-0.42370777083270705,0.0833357062414312
1719563138.5671616,448,0.572851430182562,0.099629966192451
1719563142.4985452,450,0.3922792805165748,0.1135588455137019
1719563153.0473504,462,0.20693071288369871,0.1188452104768341
1719563151.1053066,463,0.5735189015300444,0.1255731633748477
1719563155.4658813,464,-0.16758460705743528,0.1136428725961927
1719563157.5413785,471,0.29685125661439493,0.1193189322494706
1719563215.3282447,541,0.005835089669246174,0.131649983472133
1719563264.06595,605,-0.8640537450872299,0.1118718977173681
1719563320.0114272,669,-0.704984079116898,0.1011660816490417
1719563368.5940554,733,-0.4854987115579961,0.0908430773893381
1719563417.9068797,797,0.1588981482744749,0.1007113405844678
1719563570.963166,989,-0.10780919218485352,0.1032319394485518
1719563621.8516946,1053,0.1422777951719365,0.113497097236635
1719563716.3740566,1181,0.5066233561125002,0.1198086134721535
1719563819.828328,1309,-0.29057822297549357,0.1184889018630346
1719563871.701012,1373,-0.5241734709477606,0.1059284609744584
1719563923.7275534,1437,-0.2048033741906911,0.0945565009031043
1719563973.477471,1501,0.04120353207150573,0.1066493826346488
1719564026.324739,1565,-0.7228741337185587,0.0947480885799349
1719564124.085557,1693,0.09139910575624866,0.0866948712524219
1719564176.1225774,1757,-0.7664316367269686,0.0723503251684504
1719564222.002282,1821,-0.44198033083588895,0.060006035357049
1719564272.8018363,1885,0.7924028109920027,0.0684594306041366
1719564375.6487315,2013,0.8234533572943685,0.0773738347960154
1719564473.0495882,2141,-0.4495956915466564,0.0712882688995065
1719564523.8702357,2205,-0.8463532264720114,0.0563257471429601
1719564624.508815,2333,0.33580259620292474,0.0678729366325182
1719564780.1990647,2525,-0.6584855077727712,0.0618713868190792
1719564824.4334264,2589,0.5690324015145867,0.0690237707326609
1719564874.8380985,2653,0.01073313268417242,0.0573701660594086
1719564917.6642888,2717,0.5510495539221523,0.0668717456352309
1719564977.4390435,2781,0.47824719262504867,0.070063467014578
1719565027.0998125,2845,0.2566012626103167,0.0697023201915887
1719565125.103428,2973,0.5243050217277132,0.0763534785474756
1719565282.973917,3165,0.09229890731891133,0.0677746699573991
1719565534.9592006,3485,0.6269607479500223,0.0721635628259169
1719565689.9081385,3677,0.686753082366294,0.0829644594779738
1719565788.759787,3805,-0.5627981309261227,0.0717689339982486
1719565833.6971557,3869,-0.8629272032352631,0.0586630825292619
1719565886.2533011,3933,0.12165554877723206,0.0592939486695424
1719566230.0381129,4381,0.13851732023333507,0.0683745233416022
1719566381.5801349,4573,1.009787210964204,0.0795875056705927
1719566477.7623188,4701,0.16359163255428744,0.0841822674976962
1719566531.3636763,4765,0.10525982242697962,0.0875416897362333
1719566575.7375395,4829,0.46916660378391284,0.0870960830350729
1719566782.9754868,5085,-0.33391648459877776,0.0787704159331992
1719566832.7931192,5149,-0.06126072456646081,0.0759837485433489
1719566884.2583053,5213,-0.30160320127808204,0.0778599714431156
1719567042.3270173,5405,-0.06448933127982565,0.070154134221506
1719567095.0042653,5469,0.4308797535095781,0.0703076841235085
1719567248.5192907,5661,-0.7890844696725143,0.0611870957063712
1719567446.132979,5917,0.035835992327623245,0.0544896248759899
1719567541.7387536,6045,0.5117541796651841,0.0616398867827076
1719567645.4085674,6173,0.3803308248425251,0.0685239987189853
1719567690.1031947,6237,-0.02666741445466536,0.0654992647633405
1719567742.0701692,6301,-0.4890855379558168,0.050117017213759
1719567795.0178394,6365,0.657928145616671,0.0549282020844586
1719567847.415603,6429,0.27317279784719695,0.0547357892851856
1719567893.6977763,6493,0.9126920833824699,0.0611581549965735
1719567996.8927526,6621,-0.04466521638019133,0.0549535675143015
1719568097.9052558,6749,0.27286495958750834,0.0609401399370583
1719568255.9791214,6941,0.4215472427006678,0.0631494539731194
1719568306.747443,7005,-0.13622802136857853,0.0670220808787059
1719568352.4181335,7069,0.5024607473516292,0.0701051548255755
1719568447.4022827,7197,0.17216810339721844,0.0685277149569306
1719568494.9055767,7261,0.4744116726542229,0.0729536312063823
1719568547.8080266,7325,0.3301076139459109,0.0812751504608461
1719568645.0329168,7453,-0.06691248520399429,0.0749558743811677
1719568697.5344393,7517,-0.08753719937228377,0.0662931021273714
1719568800.1361656,7645,-0.45678364385645975,0.0625248653818325
1719568852.2443266,7709,0.25222171082566724,0.0717652657175048
1719568955.7520778,7837,0.1496320124007271,0.0749227013283976
1719569003.009879,7901,0.2368603710463284,0.0835478382825233
1719569052.9942493,7965,0.17910909714593548,0.0882899984417349
1719569155.7880297,8093,0.3310395950214283,0.092858263615221
1719569363.072075,8349,0.03797110617847199,0.0847174611375264
1719569418.3268785,8413,-0.3500131646582923,0.0764905344366846
1719569467.4317465,8477,0.008908421098410058,0.0813105930586661
1719569518.2751122,8541,-0.18910682004755613,0.0758114379797917
1719569621.655889,8669,-0.026895734510572422,0.0710497219486576
1719569673.0341752,8733,-0.214064306108042,0.0656326398023635
1719569775.7797985,8861,-0.030335247283042155,0.0631489514627224
1719569871.1924162,8989,0.3659025004483105,0.0680368440935187
1719569920.6605093,9053,0.4758676523736568,0.0747112871023564
1719569971.9296718,9117,-0.3534699040176932,0.0690920679203069
1719570019.1051126,9181,-0.41049444890258224,0.0604948828933241
1719570123.0804605,9309,0.36298803267618407,0.0667291124537709
1719570170.1692429,9373,0.11696805943255684,0.0642441741033485
1719570529.9257677,9821,0.8568443065221398,0.0736772539943155
1719570735.0115345,10077,-0.8774059102934895,0.0656969147540973
1719570939.9925747,10333,0.9325498810100157,0.0722898589976433
1719570987.7978513,10397,0.8711892283030043,0.0787953409459836
1719571036.6750937,10461,-0.2199397247452991,0.0784506580647614
1719571239.0894692,10717,0.504880606915199,0.0827450347735044
1719571282.765285,10781,-0.047973132646648375,0.074282519810251
1719571335.0317893,10845,-0.1489094243925842,0.0763946483204438
1719571386.0752878,10909,0.11237712299421321,0.0838305792315467
1719571541.1718416,11101,0.07201337293729937,0.077449078835098
1719571587.0215075,11165,-0.7619599522543062,0.0681676178783119
1719571684.338938,11293,-0.15456225055900108,0.0645438153456251
1719571735.7111375,11357,1.042103116861034,0.0722299925387326
1719571785.8829846,11421,0.5433202276467481,0.0787268485344191
1719571884.5923562,11549,0.7006933220593634,0.0847197332025566
1719571934.2645605,11613,0.4233557136442099,0.090386091992775
1719571988.360014,11677,0.3575922759818039,0.0912649790819645
1719572081.5996263,11805,0.057481351263734215,0.0895071159304425
1719572133.917017,11869,0.14323795830464425,0.0850078636979632
1719572182.7751422,11933,0.0006612469764104567,0.0884606177576964
1719572232.3889947,11997,0.053141408893537356,0.0855126397076722
1719572283.7610307,12061,-0.29883731645636014,0.0814919650080957
1719572333.300947,12125,-0.57130152865037,0.0761928531423052
1719572491.431784,12317,-0.055988103303206416,0.0743214662576656
1719572535.2450686,12381,0.34929213725300023,0.073269630558977
1719572630.250923,12509,-0.19885890056392597,0.0751548353273181
1719572836.2563508,12765,-0.4040319076996334,0.075001842256637
1719572886.361557,12829,-0.6697264302266339,0.0682487985135754
1719572986.4683285,12957,0.25382976747293573,0.069547265859887
1719573089.8822765,13085,0.29646348940652667,0.0716854917063575
1719573138.785931,13149,0.572281029283491,0.0759259918360206
1719573190.785498,13213,-0.4565298061557135,0.0698717868022943
1719573393.7061608,13469,0.8700923118319155,0.0760690368365276
1719573548.709744,13661,0.13649512989994028,0.0774588514690578
1719573600.9074998,13725,-0.12469531612930995,0.0776273414961136
1719573646.8882537,13789,-0.13308395512910903,0.0805327087008025
1719573697.9205046,13853,-0.3532847606898009,0.0749865346673136
1719573791.4879963,13981,0.08918165314626847,0.0815320835440163
1719573992.459121,14237,0.4970052261574007,0.0857035386043535
1719574088.5855055,14365,-0.020934861939807536,0.078250070220023
1719574190.051846,14493,-0.11316279239333976,0.0732630058465434
1719574240.9999733,14557,0.2886252021420386,0.0713386073350828
1719574293.088711,14621,0.5689572964157286,0.0783382898402976
1719574339.0328624,14685,0.7844373738607875,0.0829244490943674
1719574490.5396302,14877,0.6719062069664483,0.0886923134696244
1719574542.609763,14941,0.2361413434286168,0.0930962036578101
1719574643.9580083,15069,0.08403573089512129,0.0947848176050258
1719574747.868046,15197,-0.6628784972140004,0.0883696836107892
1719574851.8672316,15325,-0.25504230095079283,0.0855202465891915
1719575101.2759101,15645,0.7166268516182317,0.0875580166174647
1719575199.291254,15773,-0.5267523506865242,0.0820090689589698
1719575248.2105079,15837,0.42133770022483674,0.0802796249920447
1719575400.9834435,16029,0.3662789588790559,0.0794367109565752
1719575452.3611076,16093,-0.1841568917103465,0.0737457164311904
1719575500.0055575,16157,0.8218307391374289,0.0774273008835811
1719575551.6926453,16221,0.5088141288801618,0.081491655931598
1719575602.2750025,16285,-0.6015118548129779,0.0772092676814511
1719575644.7194479,16349,-0.1393858358065826,0.0693383054539365
1719575700.5235362,16413,0.6959586516637724,0.0713716137136235
1719575746.610087,16477,0.44426911001818403,0.0731939704404889
1719575796.653612,16541,0.8681416207631785,0.0770668606741262
1719575997.3070834,16797,-0.3622570338343486,0.0676243301266452
1719576050.002561,16861,0.19932946178676592,0.0700320184652982
1719576149.802972,16989,0.6156985256257594,0.0720704871543275
1719576291.8404863,17181,0.012780946821531858,0.0735931999200865
1719576497.7312195,17437,0.07073029455258606,0.075495690107092
1719576550.0012498,17501,-0.045979419408637534,0.0734824592636985
1719576585.3551948,17565,1.1244868288216892,0.0800826446971776
1719576638.2103455,17629,0.5131840366706135,0.0841501175659882
1719576737.580685,17757,-0.030668332422133293,0.0781566474744829
1719576838.1296334,17885,-0.4930849461030198,0.072459109130665
1719576886.4559436,17949,-0.29136702946881327,0.0737718900943137
1719576934.3761253,18013,0.7000998515586472,0.0786682878628042
1719576988.2524292,18077,0.41742283195054575,0.083853149176762
1719577138.9306026,18269,0.07230309031199256,0.0855373302581205
1719577184.6129072,18333,0.4301856732808309,0.0874564926269704
1719577293.7644985,18461,0.5169918293680498,0.0906686442421131
1719577489.8922908,18717,0.21102356955121426,0.087208697591396
1719577591.058623,18845,-0.6596656441586446,0.0819684621523559
1719577689.3730388,18973,0.6044955426988716,0.0865310430873978
1719577738.475887,19037,-0.5330784410836507,0.0819326024625671
1719577787.0088575,19101,-0.4150508859625925,0.0772592821233816
1719577840.5777576,19165,-0.3564071537059246,0.0749984204980404
1719577892.4556139,19229,-0.32112739861016,0.0709967209041125
1719577991.8898952,19357,0.48732895224170747,0.0730812642582555
1719578043.1850402,19421,0.47626690909918445,0.0773488531483584
1719578186.5824752,19613,-0.8659003424148096,0.0720362163600382
1719578283.4272528,19741,-0.6001260349047944,0.0642443215537051
1719578335.0583632,19805,0.3514193597964773,0.0696189595800377
1719578435.7332184,19933,0.13796771285298992,0.0714651305098807
1719578536.6790638,20061,0.6387901656717001,0.075910537224017
1719578582.7077124,20125,-0.65108342829413,0.0692728584227349
1719578633.4317408,20189,0.6523595230785608,0.0729638883986807
1719578736.9023929,20317,0.4480128441930973,0.0775489381474027
1719578783.322076,20381,0.0727588940246029,0.0786705413272372
1719578835.4959,20445,0.8851971556551828,0.082706906073242
1719578886.8423207,20509,-0.3208507031159209,0.0805399001266244
1719578985.382028,20637,0.5770075242476513,0.0842245555909883
1719579036.466656,20701,0.301351819220968,0.0912719205438213
1719579134.7827003,20829,-0.7681490215845643,0.0847056209643327
1719579189.2642684,20893,-0.3572863954171439,0.076343375724489
1719579290.4407434,21021,0.0962284777191974,0.0757088204805731
1719579393.6922917,21149,0.612902835448887,0.0797974441116025
1719579436.8499713,21213,0.8121161126772929,0.0832005068267369
1719579486.4455636,21277,0.7328099856022423,0.0853981530629684
1719579536.002576,21341,0.5264463780808561,0.0858531299068257
1719579589.0378656,21405,0.5249014380759665,0.0862383630113598
1719579690.413305,21533,-0.43338064473942284,0.081912993555586
1719579737.5750508,21597,-0.1516728038309465,0.0784917169841088
1719579889.4582543,21789,-0.27904517431119263,0.079724699654461
1719579943.801951,21853,-0.08799991477377,0.0761379634899513
1719579991.620594,21917,-0.5982947972059924,0.0729712173121824
1719580041.6445463,21981,-0.7472137850517931,0.0688973318007944
1719580132.0529492,22109,0.30321560470556064,0.0666088301938603
1719580188.3116183,22173,0.003896340812601262,0.0672256017699688
1719580239.2133553,22237,0.16299607999836063,0.0683983228476275
1719580289.1109333,22301,-0.19622400360334114,0.0673467540013242
1719580537.2757375,22621,-0.29622275838265266,0.0585188350951607
1719580721.2826095,22877,0.5876702669301825,0.0624897984878199
1719580775.7410588,22941,-0.550507807957227,0.0595712958931656
1719580873.8341033,23069,0.6245906988462679,0.0635773336248411
1719580922.7719355,23133,-0.09987901074925248,0.0573784379567067
1719581020.9751647,23261,0.16487998299730156,0.0591675326448775
1719581365.6614964,23709,0.5043579245501868,0.0609632664457951
1719581412.2455103,23773,-0.004208085682665508,0.0618826269118788
1719581562.6550977,23965,0.23846283244686228,0.0652764298815991
1719581612.6119504,24029,-0.06436821577523366,0.0629094183329586
1719581666.4037852,24093,0.608469951844024,0.0643008386090294
1719581714.9786499,24157,0.7394460380795256,0.0685458653587992
1719581811.6361864,24285,0.0725977291949812,0.0633612152631289
1719581913.5493035,24413,-0.2713057988617526,0.0593612373482566
1719582010.7190757,24541,0.13455399818642266,0.0568326587881507
1719582110.3996418,24669,0.3387297554762988,0.0598885137644958
1719582343.1889596,24989,-0.178334128299397,0.0623944285255362
1719582539.8840427,25245,0.42940416999877706,0.0685325167792971
1719582590.8020833,25309,0.7684790873805714,0.0716934969739315
1719582644.5845447,25373,-0.08346214135540037,0.0722100075121927
1719582685.3113236,25437,0.19593241139520945,0.0688013014441518
1719582780.0375376,25565,-0.6538400949584746,0.0657740366008355
1719582827.4431436,25629,-0.2364407518957078,0.0675445068235015
1719582973.4876418,25821,-0.4601473261245374,0.0653862519226874
1719583027.247004,25885,-0.2601426743563414,0.0615270442060493
1719583115.2748215,26013,-0.5103682311099482,0.0566174481105021
1719583269.1089928,26205,-0.3330591321361437,0.0547450524155023
1719583414.706325,26397,-0.15997595948493792,0.0547757792879482
1719583466.3534496,26461,0.5351559241248727,0.0599550009550142
1719583519.0988967,26525,-0.06526400192891685,0.0592327620918754
1719583566.0856652,26589,-0.7914650434089886,0.0538582270008778
1719583616.4053392,26653,-0.09347854774313546,0.0575884299172695
1719583716.7069733,26781,-0.20519227433127712,0.0566669996762796
1719583765.9829981,26845,0.8039833186115033,0.060726790064584
1719583816.2318952,26909,-0.8986037832647443,0.0535334713153745
1719583864.9236398,26973,0.8915092261673452,0.0580420037531
1719583915.3645508,27037,0.22532012104829058,0.0639475127485709
1719583962.2253165,27101,-0.1277037425287495,0.0650291138903258
1719584012.854597,27165,0.8556754371177409,0.0706090136626795
1719584111.540735,27293,-0.7570011922246105,0.0664532792948423
1719584213.5572083,27421,0.28427439280846245,0.0711470339227709
1719584259.2218626,27485,0.8601154339392001,0.0761265543486867
1719584410.8193462,27677,-0.3355119118452269,0.0683991364606674
1719584463.58208,27741,-0.6009515032803547,0.0632202683853612
1719584658.4386795,27997,0.025546243263292467,0.0592242493362192
1719584807.3835356,28189,-0.23414323771435386,0.0603881080811431
1719584852.5886528,28253,0.10412658998437341,0.0631085471791271
1719584950.391398,28381,0.4195564677703746,0.0674360396800221
1719585000.2191043,28445,0.5526460704733984,0.0700443111511844
1719585099.128736,28573,0.035301956821096825,0.0718110789975857
1719585198.9441965,28701,0.09859596670204807,0.0672902843018853
1719585350.274463,28893,-0.18149868810109976,0.0631462867092252
1719585389.9815254,28957,0.4081370514014332,0.0659842429897076
1719585691.8997855,29341,-0.6644772127828847,0.0612812967983967
1719585842.1646235,29533,-0.2211297708353998,0.0571715632113387
1719585889.5605807,29597,-0.483487725058689,0.0519456751490228
1719585939.2616904,29661,-0.0925061720674944,0.046429045317878
1719586032.911995,29789,0.3008132511557714,0.0493498820782068
1719586086.292517,29853,0.30895004528953673,0.0550233828619936
1719586134.2839875,29917,-0.5913711037299706,0.0505951305237797
1719586234.7756681,30045,-0.4255995129003395,0.0418803949175014
1719586287.4090085,30109,0.4699273590722316,0.0458589682367803
1719586336.636313,30173,0.169372845330241,0.046956033910813
1719586389.3564992,30237,1.0259172288800378,0.0531049373805489
1719586437.2512276,30301,-0.811813315488358,0.0487670039547354
1719586487.72959,30365,0.2813932880889345,0.0522165423956933
1719586539.3017795,30429,0.15581884135851998,0.0566696371052051
1719586739.2496853,30685,0.47514180053982735,0.0571757570563228
1719586789.711853,30749,0.5424078016125051,0.061312569739282
1719587085.3741634,31133,-0.6597059771003766,0.0558391831578841
1719587186.0037084,31261,0.6440799699572872,0.0569778476751371
1719587234.4286113,31325,0.5740301678391975,0.0645004920264178
1719587280.350069,31389,-0.24988511691066806,0.0605198109633226
1719587327.1286302,31453,-0.8455478802625259,0.0535391948292775
1719587379.025532,31517,0.046052824128601455,0.0503600369949865
1719587425.802242,31581,0.3524100347067002,0.0515533846405707
1719587476.1308863,31645,0.0654409081165448,0.0549289399976458
1719587527.150865,31709,0.6884860668585508,0.059743650133473
1719587576.4724367,31773,0.5850362809847531,0.0608172665844394
1719587628.4408824,31837,0.1697750317952238,0.0603305673069123
1719587674.673187,31901,-0.29023501333904367,0.0589552071798731
1719587727.9150593,31965,-0.33830608704530396,0.0577024442800435
1719587824.9731305,32093,0.6134539940635244,0.0612986495244452
1719587879.0710626,32157,0.3244415226136961,0.0603225348296046
1719587924.2858813,32221,-0.33003977634265125,0.0572175535553264
1719587975.1062615,32285,-0.12277410973280878,0.0537093968565618
1719588066.4877684,32413,-0.48191208274187675,0.0522416820361255
1719588116.1671147,32477,0.0758700693832961,0.0547079462006318
1719588164.9890041,32541,-0.0519139624063486,0.0565824493516155
1719588266.39016,32669,-0.34064634603361776,0.0550610510884726
1719588371.1572757,32797,-0.19336122527199884,0.0486395308620508
1719588469.2394888,32925,0.7431079253606006,0.052037611298123
1719588522.2079265,32989,0.37856574664823817,0.0504927016998408
1719588673.10224,33181,-0.042482964982199445,0.0546878512973615
1719588724.592788,33245,-0.17825440459688302,0.0502114528916276
1719588774.6428852,33309,0.3559442472937391,0.0540304155551822
1719588873.6070678,33437,0.037243077174127004,0.0565251843890458
1719588927.6214592,33501,0.5173387892464743,0.0569548135179847
1719588974.6006117,33565,0.6772368018590487,0.0612032165543363
1719589076.011435,33693,-0.6210785588012036,0.0560800353456786
1719589173.1937919,33821,0.14264673541792616,0.0584847733732008
1719589225.4735293,33885,0.7552139034133327,0.0647658549640265
1719589325.1874635,34013,-0.28702950687114803,0.0581071883563262
1719589378.277745,34077,-0.2206296449487482,0.0544172362379219
1719589422.2800035,34141,0.46467068562887814,0.0537808418641514
1719589469.29761,34205,0.27615146522863165,0.0561077169521998
1719589518.8921595,34269,0.20682812285154017,0.0621281250997932
1719589569.420405,34333,1.020253562959499,0.0669291846698457
1719589618.5235775,34397,-0.1774822403237034,0.0674952215916826
1719589668.6736681,34461,-0.21355603030488618,0.0685315649653661
1719589716.226943,34525,-0.3670730189341758,0.0661820084698809
1719589814.2025592,34653,-0.8101852432791361,0.0611499873730351
1719589867.4650514,34717,0.07554064598196164,0.0632060447440345
1719589916.6611755,34781,-0.08727034929275546,0.0605924604166525
1719590065.335853,34973,0.09641065950547034,0.0586007236386102
1719590116.4805827,35037,-0.4482600110152319,0.0556121798306522
1719590161.0437667,35101,0.2956126276737865,0.0537931131328848
1719590260.6159904,35229,-0.11852721501993624,0.0540377008523069
1719590312.7488732,35293,0.4722476671180711,0.0585192291564097
1719590365.2631497,35357,0.060253883397557995,0.0549591513924091
1719590408.9422197,35421,-0.9320080229938047,0.0471100883042952
1719590507.316311,35549,0.21138935428943395,0.0480596522341546
1719590604.533615,35677,0.5735268751865894,0.0489258276180911
1719590658.156216,35741,1.0124434935455466,0.0566370465128005
1719590705.564669,35805,-0.93523439757635,0.0485777121230569
1719590807.7909994,35933,0.7830669528012035,0.0548381877223561
1719590908.7147532,36061,-0.030476805308479293,0.0564630090378606
1719591009.1857195,36189,0.591527255102412,0.0586066363403307
1719591060.896828,36253,1.0524533967000949,0.0637839121399615
1719591112.8507988,36317,-0.7022469485126943,0.0578544394175476
1719591259.10608,36509,0.5205727042735668,0.0630274795310735
1719591466.8119276,36765,0.5455347529659345,0.0678883747634674
1719591515.7507157,36829,-0.8584474473183861,0.0600500340286619
1719591562.21148,36893,-0.013025797791899663,0.0560669338502054
1719591610.6451378,36957,-0.16629198905127424,0.0566803681049239
1719591662.4795556,37021,0.8778326723348129,0.0621881720613658
1719591764.26498,37149,0.779231820524116,0.0656160520452103
1719591960.9340992,37405,0.43549586435801424,0.0687406617963219
1719592015.4369807,37469,0.12033045401432596,0.0700169998471106
1719592115.1617796,37597,0.5351683890998302,0.0717615275432459
1719592213.4298124,37725,-0.6012785872633901,0.0683472531935304
1719592415.5081506,37981,0.21434234781946593,0.0668048329316295
1719592564.1158462,38173,0.45754107452433557,0.0681937996134804
1719592619.4085808,38237,-0.194362296868562,0.0662022110853233
1719592714.7670202,38365,-0.2602225138986974,0.0628397687861392
1719592767.8025181,38429,-0.02030518907394052,0.0592709327733097
1719592817.9550278,38493,0.2868346194634278,0.0582074853096045
1719592865.0217214,38557,-0.16283930920765982,0.0609510409828388
1719592915.24239,38621,0.6865958398887722,0.0649598780396167
1719592968.3700278,38685,-0.2146479807226317,0.0625123897205596
1719593013.9996867,38749,-0.33138769610799185,0.0581980141955323
1719593067.0589452,38813,0.6889542271580416,0.0611174207006806
1719593116.702568,38877,-0.16187302500126383,0.0621658933097171
1719593311.025808,39133,0.6626146531739241,0.066687157885536
1719593359.1315596,39197,-1.1661717362676,0.0584942675561812
1719593448.8672948,39325,0.6393696581093977,0.0600108176309228
1719593543.196397,39453,0.7485091110625857,0.0658661330192263
1719593596.6674197,39517,0.4277106023420334,0.0697152049385724
1719593645.4137251,39581,0.5351571146871985,0.0741167375015376
1719593687.2696183,39645,-0.32398669076104863,0.0693132683172577
1719593741.3086636,39709,0.26428401183347017,0.0729590913733111
1719593786.5416114,39773,0.8217462866748002,0.0759852939858679
1719593840.4816585,39837,-0.8333596223603372,0.0684256437594856
1719593893.5190768,39901,-0.8487303414874225,0.0627233756161066
1719593941.5415032,39965,-0.6166696199980268,0.0596024487418338
1719594040.2350671,40093,0.2718549749339356,0.0608452206862116
1719594093.9605958,40157,0.7933351455272764,0.0637251945017735
1719594138.3983998,40221,0.435226765391018,0.0672290428263332
1719594186.0430782,40285,0.7898602042369829,0.0711802171810976
1719594237.5539632,40349,0.10072200831168399,0.0701893515373517
1719594337.2411287,40477,0.007402263842166468,0.0662705139248477
1719594386.1470985,40541,-0.0798245265429911,0.0617172499534459
1719594436.106387,40605,0.3820821545580464,0.0652788352776038
1719594536.1302614,40733,-0.46978498168791366,0.0646705198581835
1719594586.2250955,40797,-0.5401958426546464,0.0618849389115523
1719594637.88488,40861,-0.25840519091149033,0.0591248350982842
1719594687.100224,40925,-0.48910406204043233,0.0544451987054731
1719594738.6751273,40989,0.6038074166045106,0.0551361716363418
1719594785.7148037,41053,0.7993263021766233,0.0577805106808871
1719594837.7671478,41117,-0.5615759247490185,0.0558177067262168
1719594885.5908875,41181,-0.035735606405775444,0.0498760365264641
1719594937.1776469,41245,0.6077783243690993,0.0536025825614654
1719595086.0205429,41437,0.3043176345387588,0.052218800159371
1719595189.728201,41565,1.1977656930005607,0.0591994313523588
1719595288.4784727,41693,-0.056133933665977354,0.0539707569894517
1719595443.230069,41885,0.7267662691521937,0.0579247519635649
1719595493.6471715,41949,-0.1728985860778814,0.0598961290618509
1719595542.6513186,42013,0.4748531921270216,0.0611790599966992
1719595592.2050393,42077,0.5848571716935977,0.0679692488828087
1719595644.2354183,42141,0.15705696624829268,0.0654067888898432
1719595693.389975,42205,-0.07893133120396867,0.0663967354612775
1719595744.934623,42269,0.5283439638425653,0.0717999802751757
1719595790.362937,42333,-0.3458875375464216,0.0674856308472425
1719595842.6578875,42397,-0.42022395317494504,0.0637502399958384
1719595888.1903572,42461,-0.13763918295214844,0.0624861635425872
1719595938.2380548,42525,0.06355709009129229,0.0634332575541021
1719595991.4983888,42589,0.20137252026644714,0.0655947190473102
1719596184.0049582,42845,0.6051478927932559,0.0690745958314393
1719596230.8005362,42909,-0.1163765477810299,0.070745683521805
1719596377.9731042,43101,-0.03784439380908983,0.0725987416200116
1719596422.4018595,43165,-0.8051966658981702,0.0673843968943169
1719596524.7576344,43293,-0.271634777113959,0.0646390117232153
1719596580.2903423,43357,-0.1069392053364448,0.066911090831849
1719596622.2343206,43421,-0.030837618959884072,0.0645888390728601
1719596671.5966895,43485,0.18753740583016187,0.0622465685676253
1719596722.9869545,43549,0.14305208929390678,0.0599740448571411
1719596774.7735944,43613,-0.5951823460605332,0.0563060125153142
1719596921.50527,43805,0.3507714519841246,0.0562250354312402
1719596974.0446198,43869,0.7159389018871056,0.058174527541945
1719597023.9932377,43933,0.20179496059880497,0.0558345340689986
1719597227.729466,44189,-0.7627552550865854,0.0512153663286227
1719597279.6032982,44253,0.25773376669648784,0.05241040821765
1719597380.053792,44381,-0.2740163741494879,0.0532845258992677
1719597427.1706667,44445,0.8119144453742706,0.0562739956400778
1719597478.3562593,44509,-0.6233369822803938,0.0505224273849874
1719597530.2249775,44573,-0.21340636994132012,0.0523044471560615
1719597630.8618553,44701,0.37412701458166353,0.0551819324082759
1719597779.0034108,44893,0.5954295223002983,0.0584772897724053
1719597829.50075,44957,0.5426559744012822,0.0605974158442058
1719597924.6253858,45085,0.33159745067142354,0.0588905055918846
1719597973.3554356,45149,0.42302389714510813,0.0627055758885029
1719598020.6659465,45213,0.5414105313994453,0.0670772594436627
1719598066.058394,45277,-0.8176866414842447,0.0603683874494456
1719598120.494431,45341,-0.6279490309542458,0.0578847965948603
1719598167.4478047,45405,-0.44292105547638844,0.0548338817147782
1719598270.3247285,45533,1.0720894569756705,0.0606434230344703
1719598417.0833075,45725,0.43923948723116535,0.0642472790277103
1719598466.4393468,45789,0.8502649927277448,0.0679721577189652
1719598571.4274676,45917,0.30555842190585447,0.069970212647207
1719598664.3495014,46045,-0.22143624816293678,0.07205583363617
1719598714.664405,46109,0.3317360146385009,0.0709244925461965
1719598763.8790262,46173,-0.5885648473666654,0.069017386306563
1719598811.3988447,46237,0.752660117393932,0.071015387656116
1719598902.8398132,46365,-0.7728428382840273,0.0667280330409494
1719598955.6991582,46429,-0.5658843202104076,0.063007673320915
1719599005.618829,46493,-0.4042045531918848,0.0583080017719842
1719599051.4900784,46557,-0.4413618951897148,0.0529519763446587
1719599106.8162096,46621,0.32279000916427936,0.0552000732245678
1719599156.8241408,46685,0.27545636627311954,0.0583355637758884
1719599200.4962058,46749,-0.3199819304043279,0.0573332581555411
1719599250.5279489,46813,0.04578037067671237,0.0534683483014591
1719599400.7909796,47005,0.699064373138214,0.0571949080032243
1719599443.7395458,47069,0.05372080266658186,0.0578802741010915
1719599598.3424602,47261,0.8615199890935696,0.0616677259210212
1719599645.09681,47325,-0.34429629154682323,0.0579415546290507
1719599696.3449128,47389,0.6918475840604228,0.0641389573344105
1719599789.1971529,47517,0.2551135645920817,0.0664154246824742
1719599885.9322095,47645,0.27741564067571145,0.0678788885205787
1719599936.7137024,47709,0.5424926341313081,0.0735287138252138
1719599985.8305652,47773,-0.3395071213609605,0.0676657918499193
1719600034.5819964,47837,-0.14434014408236362,0.0697307721028727
1719600088.9733334,47901,0.6624251073618674,0.0728828495687622
1719600138.4362295,47965,-0.5580354482584247,0.0677085365591426
1719600186.333215,48029,-0.6797906210525694,0.0607412091493559
1719600238.4832,48093,0.259738890447337,0.0614668116131905
1719600340.0066977,48221,0.31901196760795814,0.0666899184259506
1719600392.6448054,48285,0.24820147939739878,0.0718759818187547
1719600439.6213274,48349,0.5603250998261156,0.0778031137477994
1719600538.515758,48477,0.3526095244974936,0.0815696992846584
1719600691.6298864,48669,0.3967838882604522,0.0807173151757829
1719600737.9363377,48733,-0.4707504056633571,0.0790876743040824
1719600790.436558,48797,-0.7344652001500799,0.0755326504539863
1719600839.0857077,48861,0.31709639807555545,0.077966011737219
1719600885.488249,48925,-0.38463658640989473,0.0744537560688745
1719600984.6188266,49053,-0.5202178110900164,0.0707817611045028
1719601033.1450849,49117,-0.3232925152887797,0.0691130373749325
1719601081.7534566,49181,-0.38318596791061244,0.0681938263383966
1719601180.145719,49309,0.67716592410568,0.0710032336478706
1719601229.663104,49373,0.8434860771861934,0.0757220709159576
1719601327.1371949,49501,0.21084112966879476,0.0726339406041
1719601476.4192626,49693,-0.6710025424640966,0.0667313526397862
1719601567.9740217,49821,0.7341690382899444,0.0692837274557469
1719601615.9577248,49885,0.6291016653590709,0.0698952461195973
1719601664.8540545,49949,0.7447475885126025,0.0727022452894449
1719601818.7276542,50141,-0.4632910162854519,0.0652754018694474
1719601967.6376963,50333,-0.021109194912073193,0.0677632539034282
1719602014.2560992,50397,0.6804416003943365,0.0694537191176012
1719602119.076961,50525,-0.33103393373759493,0.0697664629111967
1719602163.5719259,50589,0.8214983884276583,0.0755284683737973
1719602213.9251354,50653,-0.5654514097833099,0.0725794723973739
1719602308.327957,50781,0.3298446546971683,0.0743790798847231
1719602360.9756076,50845,0.9518828011773841,0.0788676464723471
1719602559.3508184,51101,-0.11660698038911599,0.0725362147587089
1719602661.8728282,51229,-0.569067877223189,0.0683675531174805
1719602713.4735947,51293,-0.7256016356513512,0.0652221425747199
1719602761.640942,51357,0.36905128015733,0.0703504978668012
1719602810.043878,51421,-0.11930594515852438,0.072353149103956
1719602911.4228475,51549,0.3622805457786925,0.0744820816412301
1719602965.7676544,51613,0.7496646428046438,0.0788800007033182
1719603011.9202442,51677,0.5592285511573234,0.0806749347599939
1719603061.7193336,51741,0.10586131880510752,0.0779649241103572
1719603161.249417,51869,-0.4303555227805476,0.0743600899651132
1719603256.9279766,51997,0.7723037415286029,0.0786009553518378
1719603361.6002254,52125,-0.014316545013970616,0.075980402914139
1719603407.9572732,52189,-0.24506797023607874,0.0756012536435597
1719603454.0577242,52253,-0.36508500510338926,0.0726537263591806
1719603504.4124346,52317,-0.11728544995745016,0.067262747983345
1719603558.2903736,52381,0.3628809197761045,0.0687906766651553
1719603748.4615464,52637,0.46325375571394733,0.0730235455040886
1719603799.2897587,52701,0.03445257712653582,0.0686668228809989
1719603850.9681582,52765,-0.6399286803054468,0.0613376388761285
1719603898.8935678,52829,0.22663848481076154,0.0658433863478911
1719604048.4192233,53021,-0.03712830726347627,0.0662399971270821
1719604097.9415674,53085,0.37223101823655913,0.0709752694236544
1719604152.6617823,53149,-0.30451193735054805,0.0654771092140672
1719604195.2992218,53213,-0.15877787625941348,0.0677958332823642
1719604248.3093894,53277,0.10716269981133586,0.0689063735664173
1719604350.682542,53405,-0.0012699552099461608,0.0701844109205819
1719604402.2769434,53469,0.2332420451137005,0.0758490601597465
1719604449.9891498,53533,-0.421769791494429,0.0741031147161432
1719604503.7831645,53597,0.15829406381521394,0.0758713527153296
1719604606.620499,53725,0.7950128201152467,0.0801705543786075
1719604707.6562288,53853,-0.7489152235821965,0.0745167365366646
1719604761.1680899,53917,0.08524425342279962,0.0699909162679751
1719604813.209811,53981,-0.10465825913224391,0.0679872612359663
1719604860.3859808,54045,0.6334467180285235,0.0734685012671467
1719604905.4173439,54109,0.34914302958148624,0.0781018705436277
1719605006.2745883,54237,0.7944974585020685,0.0822486270698407
1719605047.8962665,54301,0.21613471695872455,0.0866098398984593
1719605099.325967,54365,0.44753370722769537,0.086746982126683
1719605195.0936117,54493,-0.5334314807728647,0.0849356757899053
1719605251.0824766,54557,0.09475171906373547,0.0804524873521398
1719605349.9157698,54685,0.007451830150518646,0.0838253309435757
1719605398.608361,54749,-0.14085580931073416,0.0839504445648875
1719605603.4593463,55005,-0.24955251695430403,0.0829707293493314
1719605652.5400267,55069,-0.24758304042435364,0.0818018721924182
1719605756.0082543,55197,-0.04955102465583339,0.0797820934683848
1719605808.5382855,55261,0.8677028199391883,0.0830194964635675
1719605857.1105828,55325,0.43122254127388937,0.0843502898957121
1719605910.1354477,55389,-0.258162366389713,0.0822015450518898
1719605961.919695,55453,-0.896772224862403,0.0743135387485343
1719606003.3504846,55517,0.43252944684664774,0.0761397801509566
1719606056.224583,55581,-0.3559126941512125,0.0748601692883658
1719606156.472311,55709,0.5615397193497496,0.0794788181429142
1719606206.9848816,55773,-0.5744620496376742,0.0724594372707471
1719606257.3265429,55837,0.5521518887826344,0.0761898246363788
1719606408.5263991,56029,0.7008116344039614,0.0782438360406074
1719606454.4671218,56093,-0.031374544214207656,0.0801769744452715
1719606499.445907,56157,0.021403665152471274,0.0838344002637729
1719606555.144422,56221,-0.026063281448997055,0.0779171606616143
1719606654.3854554,56349,0.5182930934672845,0.0832705629981471
1719606951.912749,56733,0.9424353541463693,0.0878464737969859
1719606994.477326,56797,-0.021628286749621306,0.0849502295098098
1719607047.2583015,56861,-0.106482530219696,0.0804677965023309
1719607151.089111,56989,0.38272597182934587,0.0801353763176723
1719607350.4836624,57245,0.2328879608313289,0.0825630079402084
1719607501.4420083,57437,0.9819177272658917,0.0867736512996043
1719607650.4172387,57629,0.9654474791924748,0.0919172298776774
1719607802.011129,57821,-0.054033236860786205,0.0927866902652707
1719607852.7000215,57885,0.3828656878492501,0.0933390327666026
1719607956.278685,58013,0.3475471378954845,0.0911823583176771
1719608004.7656443,58077,-0.9389996233982257,0.085076963704456
1719608054.6624181,58141,0.7056586671131526,0.0874417095104727
1719608106.7591534,58205,0.047577848176668214,0.0849215442329964
1719608207.706565,58333,-0.04680742157598833,0.0809198069416396
1719608259.6961021,58397,0.32701292942893323,0.0802390655810398
1719608312.2204459,58461,-0.3079936904663419,0.0763979588186352
1719608357.0649107,58525,-0.2225755121816993,0.0758595837466309
1719608404.6230195,58589,0.5122160459491785,0.0805319563531674
1719608456.726683,58653,0.48826070879963124,0.0798956439696247
1719608504.6508167,58717,-1.0299902742132616,0.0732816741338836
1719608554.591086,58781,0.12875628479851287,0.0734050992896232
1719608602.0983438,58845,-0.2587568642834771,0.0742396610594932
1719608704.6426754,58973,0.8080380529345148,0.0784992155066555
1719608756.5565474,59037,-0.4147324295523813,0.0713244613474499
1719608857.4783974,59165,-0.19084919535089107,0.0732188986617277
1719608953.3713923,59293,0.31949440919952976,0.0774736600186141
1719609004.1798573,59357,0.8076123409264344,0.0805339311517182
1719609099.4583755,59485,0.786849266335826,0.0863157695684284
1719609197.3795488,59613,-0.4089651721050558,0.0826947709188519
1719609249.511117,59677,0.8192347718256516,0.0863868374866486
1719609299.729684,59741,0.43805457820592264,0.0905373756744938
1719609347.3844655,59805,-0.6872818175057926,0.0828703908207926
1719609507.4315026,59997,-0.5214782125282241,0.0801344826748271
1719609553.9942992,60061,-0.4608516702921453,0.0794828355098477
1719609603.679916,60125,0.5160084255452744,0.0841347768512436
1719609655.523666,60189,0.2950332607893419,0.0861860068943368
1719609758.2090008,60317,0.47826383606034095,0.0901218974363402
1719609809.0980523,60381,0.5636389894441116,0.0901250984487416
1719609903.8079398,60509,-0.497091550744558,0.089200713339604
1719610193.3129988,60893,0.08473769614603555,0.0880576794346772
1719610243.8447094,60957,-0.23841177133958524,0.0862326089612096
1719610334.5353076,61085,-0.07334782556955322,0.0873391061015887
1719610387.8857856,61149,-0.0362172117997262,0.0839102488603004
1719610489.5650089,61277,-0.2866011032573261,0.0806105049665163
1719610539.0731246,61341,0.37354179566340595,0.0787234772379042
1719610595.2815502,61405,0.022874338866607058,0.0742004190998639
1719610629.4462745,61469,0.6641578663278056,0.0756669238284185
1719610728.9702282,61597,-0.16126147327806273,0.0761129817112965
1719610779.219108,61661,-0.1836647289958543,0.0756328102146653
1719610831.5440373,61725,-0.35767564670564367,0.0674951459302725
1719610933.9553819,61853,0.8073565204712478,0.0721699439208947
1719610981.3726826,61917,-0.4378930518711102,0.0691979962388949
1719611031.2872813,61981,0.24385724689821298,0.0720703031055143
1719611078.6958385,62045,-1.0670148412206695,0.0653862974879592
1719611226.9274542,62237,0.536955071015254,0.0716162773481266
1719611323.4458416,62365,0.03221415861173371,0.0740046713896844
1719611574.8142114,62685,0.051625705882566875,0.0773908088637323
1719611625.44205,62749,0.07271161842489282,0.0790628330939526
1719611674.454768,62813,0.30160570733835856,0.0768694822822191
1719611726.3294723,62877,0.6309507886850059,0.0813128816466729
1719611820.8809662,63005,-0.00333775609530651,0.08522729669626
1719611919.6379807,63133,0.1065007203068461,0.0819052733554653
1719611970.296228,63197,-0.3857100510074307,0.0760468421959246
1719612020.0963151,63261,-0.004981970361855326,0.0730786533414142
1719612112.1909337,63389,0.5400021966748287,0.0744976316580018
1719612167.6349893,63453,0.8998672873180018,0.0784227084255139
1719612209.7461455,63517,0.5442337858408575,0.0838514936889048
1719612258.2082934,63581,0.06133677744051014,0.0840172438300557
1719612311.1314483,63645,0.5399766232276821,0.0868779658879394
1719612460.492838,63837,0.22201964664344798,0.0860925963135372
1719612504.2934587,63901,-0.010851601824714341,0.0811625382265722
1719612556.609537,63965,0.4712572072333725,0.085160654671885
1719612814.149829,64285,0.014635510863416412,0.0832843106068289
1719612859.5997055,64349,-0.34933994248293626,0.0788299326268218
1719612907.014902,64413,-0.17841415026738588,0.0749230818611949
1719612965.5109482,64477,-0.039305637731795406,0.0741595371738701
1719613064.4266107,64605,0.20856200712655604,0.0747214089194838
1719613111.8770466,64669,0.312533175190814,0.0797048259665312
1719613163.3219354,64733,-0.2834544173080986,0.0770823916867876
1719613215.1312797,64797,-0.9649939354368406,0.0693212956323222
1719613259.6978614,64861,0.05324324986679163,0.0732280977463026
1719613515.429672,65181,-0.32444465055628213,0.0733772633631068
1719613561.3709354,65245,0.2259659454101004,0.0775718245932523
1719613614.1436632,65309,0.022618464312212483,0.0726940152472937
1719613655.7754447,65373,0.6253002760831916,0.0774490987249034
1719613712.0065491,65437,0.0407978068559518,0.081641353609655
1719613760.6870618,65501,-0.5047897621707488,0.0805901241244568
1719613961.484825,65757,0.1752135914713958,0.0829577600986316
1719614007.1250029,65821,-0.22878531954731474,0.0778394995589431
1719614053.4278173,65885,0.7981207670830002,0.0807588140785104
1719614102.6637092,65949,0.4841431011962072,0.0873868034225762
1719614155.5113544,66013,-0.700973863078229,0.0803982665456736
1719614203.1889064,66077,-0.5718904812100677,0.0733834954155455
1719614256.886289,66141,0.15404569819147484,0.0740119055837422
1719614359.8193498,66269,-0.07528513538673698,0.0755257128167976
1719614403.8874986,66333,0.0168677739712646,0.0790790739481549
1719614457.8583977,66397,0.6228252033121888,0.0842848362780004
1719614505.1085367,66461,0.8959299088382937,0.0875264565558804
1719614550.8077142,66525,0.0725408871732851,0.0897707212407565
1719614601.8659737,66589,0.07750226145431172,0.0884735289738273
1719614656.01746,66653,-0.5714451540995444,0.0824429789256163
1719614858.3398275,66909,0.6523590140962197,0.0858552446130472
1719614958.9950907,67037,-0.29111936447510656,0.0850804700157854
1719615008.7977471,67101,0.5280976714798193,0.0849597583298952
1719615157.5115387,67293,-0.03026864886152192,0.0823974153990315
1719615263.1819317,67421,-0.01070823569358581,0.0788687972972274
1719615313.405629,67485,0.12544065972952634,0.0784904114557277
1719615412.011434,67613,0.02016546103127792,0.0815733704956686
1719615516.1093705,67741,-0.20361128438016268,0.079124772585727
1719615566.2161205,67805,-1.0314614100420945,0.0705241011405892
1719615613.514808,67869,0.11888791653513142,0.0734643022649647
1719615712.9222677,67997,-0.407100949042679,0.0730802620738622
1719615863.9977298,68189,0.7561364397350658,0.0784384287397665
1719615912.144444,68253,-0.42785059397787617,0.0732602798927253
1719616058.5248,68445,-0.028345531706462646,0.0756466386188789
1719616164.1674783,68573,-0.08523834058317498,0.0780182748420671
1719616316.1294715,68765,-0.12145962065857474,0.0770987289952251
1719616466.9239132,68957,0.913894436873729,0.0804893760995667
1719616515.7356997,69021,-0.07620698914635216,0.076868695461775
1719616563.001765,69085,0.9474483982197359,0.0819782937364436
1719616617.0814989,69149,1.2096154632895524,0.0883952194023301
1719616666.8556113,69213,-0.9763691382503827,0.0823553013057674
1719616714.1011558,69277,-0.08795282612391486,0.0758261226820363
1719616763.8141916,69341,-0.0715529899051609,0.0733669887846009
1719616816.4222314,69405,0.49986901315555654,0.0767150384643648
1719616862.3577003,69469,0.48297312687736627,0.0786688224019002
1719616913.9282494,69533,0.5459779213817317,0.081464731244571
1719617015.5518441,69661,0.06924425928394073,0.0819497389657632
1719617070.063861,69725,0.35726849222360335,0.0835483085072264
1719617117.3245966,69789,-0.42323638964950094,0.0801902324552277
1719617274.163548,69981,-0.28124983562964934,0.0784319222816942
1719617326.8074226,70045,0.8714168541107596,0.0819436736204995
1719617437.3267572,70173,0.0005347255868066725,0.0810091781737356
1719617487.3170118,70237,-0.3876050877980839,0.0796956493939934
1719617592.4215696,70365,-0.38850571997548033,0.0757891934041319
1719617691.0362418,70493,0.10090763390556912,0.071707903812246
1719617840.584558,70685,0.5168423079462479,0.0752723648552011
1719617895.9785075,70749,-0.04972531380364448,0.0778483792927338
1719617946.2035267,70813,-0.1527030465889223,0.0740023821841774
1719617997.2140875,70877,-0.650265161753245,0.0652143812189109
1719618045.5901318,70941,0.6134291095022248,0.0671342420836701
1719618097.0747175,71005,0.16362436908041533,0.0689638500364187
1719618137.6421273,71069,0.4765774141503527,0.0724284280134539
1719618187.7238739,71133,0.2177184131753639,0.0692513306480269
1719618244.155447,71197,0.19678412931600087,0.0753300487430472
1719618283.2499156,71261,0.9195415843211276,0.0793227764599092
1719618389.3799074,71389,0.05595385948467102,0.0790273014876279
1719618435.3463373,71453,0.31468940048727934,0.0812281130673509
1719618480.7445934,71517,0.1804848619213244,0.0779924824206094
1719618580.0485115,71645,0.3075097843710397,0.0790865296630138
1719618625.6882691,71709,0.9378529482681026,0.0837591428946498
1719618677.6229446,71773,-0.19264501147109914,0.0771203915060753
1719618719.8129144,71837,-0.8262679243530581,0.0711817225891604
1719619218.3384204,72477,-0.3840993602265216,0.0704593529090315
1719619368.518759,72669,0.7900169846098284,0.0753736496843942
1719619416.4063368,72733,0.3983439441511777,0.0774773642993084
1719619468.114747,72797,0.11036663311126205,0.079931273228429
1719619517.626908,72861,-0.10961578242553893,0.0829468524428599
1719619619.684407,72989,0.12396013242603043,0.0855820269678736
1719619670.181585,73053,0.01900123141838561,0.0818868871583813
1719619721.657128,73117,-0.3201165701887483,0.0802378193684075
1719619821.7113667,73245,0.21537017440674622,0.0839271116573861
1719619973.544313,73437,-0.5000319268297488,0.0811830848649367
1719620024.5000334,73501,-0.3373302172596312,0.0810589200936562
1719620080.48772,73565,-0.5102212846849175,0.0773791112071297
1719620123.0130224,73629,0.03183208680221172,0.0753467583199108
1719620176.774583,73693,0.15303745008597358,0.0793156714076582
1719620226.628076,73757,0.1301205794234359,0.0822793714831284
1719620277.1641495,73821,-0.08626258982945406,0.0805592990059525
1719620328.845855,73885,-0.7441605091136617,0.072305747379201
1719620440.4391325,74013,0.41136260007641856,0.0729285133806101
1719620540.9480686,74141,-0.18850196817596998,0.0707987034372777
1719620590.745787,74205,1.140573323781313,0.0779700993867289
1719620687.964985,74333,0.0385029858704633,0.0738125364647167
1719620783.900305,74461,0.26426636476738585,0.0777890135951268
1719620894.8216267,74589,0.38276847021409366,0.0810062378916416
1719620942.0733654,74653,0.7209712411986229,0.0840959147112267
1719620993.3157475,74717,0.47000373494890324,0.0884441831885443
1719621052.7639406,74781,-0.03436409845939836,0.0832341099513989
1719621103.4356444,74845,0.7379749055750828,0.0875266652810143
1719621162.5168204,74909,0.6810265419938122,0.0937677842117185
1719621377.1597788,75165,-0.6259554031047113,0.0903173540970153
1719621478.2431467,75293,0.02065049387314044,0.0861003316705029
1719621639.1731849,75485,-0.18410507116344027,0.0827942316059648
1719621688.9678278,75549,0.3873904951780378,0.0854268737631584
1719621788.2651668,75677,0.11327989781487768,0.0886873260727381
1719621842.6999102,75741,0.37308010590974694,0.0935325814219297
1719621892.1401713,75805,0.8860352744282451,0.0964876656333342
1719622047.9148567,75997,0.12150718871410993,0.0995259758294023
1719622099.207857,76061,-0.6185616629255483,0.0951510945940393
1719622152.368814,76125,-0.5174888360270457,0.0903604809394467
1719622201.490217,76189,0.2694575434437412,0.0913070634075787
1719622255.9715335,76253,-0.34881962001870337,0.0868083736695054
1719622304.6881483,76317,-0.23042310084457762,0.0834625873721611
1719622347.3820632,76381,-0.32545663692681526,0.0815373254743787
1719622398.0843816,76445,-0.2762176132994892,0.0803377551924818
1719622553.2432952,76637,0.36440981024964725,0.08053728921446
1719622604.46902,76701,0.5382875500338926,0.083783300853489
1719622655.7571805,76765,-0.2696669246805111,0.0825320333776703
1719622756.7293146,76893,-0.6070668556322436,0.0752821708898925
1719622809.3805966,76957,0.3206450932819519,0.0788460261272052
1719622905.4953325,77085,0.3795735916780848,0.0772896831167684
1719622954.1963987,77149,0.16985139643967084,0.0800765027563911
1719623173.8418596,77341,-0.8795292343189582,0.072163274034331
1719623263.77203,77405,0.770315101070296,0.0781713200914985
1719623348.2420459,77469,0.6297412015833417,0.0808628802459637
1719623428.7990212,77533,-0.31705161118155406,0.0804041453354486
1719623480.7953942,77597,0.12951698801572054,0.0828352326023737
1719623539.0646312,77661,-0.2558338235607885,0.0797880831059932
1719623589.4817474,77725,0.5605307563691313,0.0805124245310995
1719623690.31319,77853,0.0887537996570833,0.0848259480982846
1719623742.5207982,77917,-0.7114607680804076,0.0798769660684618
1719623792.9514625,77981,0.02087974628062983,0.0746696120865371
1719623848.318884,78045,-0.4057229480041542,0.0739078290589442
1719623894.421492,78109,0.3280439921020597,0.0757597246052552
1719623950.4484134,78173,-0.023507264103472647,0.0772723429058622
1719624049.558596,78301,0.10042724262892189,0.0794724414572323
1719624204.0218017,78493,0.46741374600728613,0.0838885306876039
1719624258.0729504,78557,0.12847221165666078,0.0860558469480716
1719624356.980618,78685,-0.2334849537018212,0.0842455643752596
1719624560.8009613,78941,0.2112097206694572,0.0811531489170497
1719624611.7851412,79005,0.41844417405904755,0.0832961046991994
1719624712.8263855,79133,-0.0746438562929373,0.0798212460075217
1719624763.9302893,79197,-0.04583442743181759,0.0756143373409882
1719624921.0954247,79389,-0.1870966521540322,0.0709457631524454
1719625016.911383,79517,-0.0830177069620649,0.0690177992815917
1719625065.6072228,79581,-0.017891477851949222,0.0682827227152081
1719625120.9817948,79645,0.17386892973044077,0.0714339841180964
1719625229.441793,79773,-0.37178585724567836,0.0675564745686936
1719625277.9646516,79837,-0.290441679301592,0.0620444515499089
1719625331.693152,79901,0.6508403623633563,0.0657110428285076
1719625381.4506116,79965,0.35840432476880146,0.0647465654854187
1719625481.739732,80093,1.0041140235140231,0.0722121398141084
1719625534.3552825,80157,-0.6763564525539497,0.0660458776541029
1719625585.970305,80221,1.0121672624747946,0.0706990421730553
1719625638.821789,80285,0.47173417288923625,0.0755995495411315
1719625688.986944,80349,0.4809104602412835,0.0778415737356478
1719625792.5659037,80477,0.38130269562458696,0.0832429920221189
1719625840.2720602,80541,-0.8468165182458633,0.0777395493295269
1719625892.7143347,80605,0.4311522793187734,0.0809813484585518
1719625990.5961866,80733,0.10016719007026009,0.0846347905376277
1719626045.315056,80797,-0.8190942074871488,0.0770599652411191
1719626195.29175,80989,-0.32203084515226166,0.0713005012571524
1719626291.319678,81117,0.19275853894156258,0.0699304001568321
1719626340.8958187,81181,0.4043891646386475,0.0734625320406293
1719626434.8136742,81309,-0.10342918608305901,0.0759588005941131
1719626486.867415,81373,0.04666894085227491,0.0792278958441239
1719626537.8941798,81437,0.1271120729794052,0.0803897071993772
1719626591.1063309,81501,-0.00575624682010778,0.0793245034926823
1719626640.8390212,81565,-0.6693493450650596,0.0755637391286066
1719626689.2343166,81629,-0.23877740547446813,0.0695097708773682
1719626736.7135682,81693,0.3369887109799147,0.0725477406442457
1719626891.6661446,81885,-0.6441550537902806,0.0689142661591394
1719626940.0313137,81949,-0.6080031763331247,0.0660107069376926
1719626991.3142776,82013,0.21787624959680318,0.062645006258869
1719627038.1010242,82077,-0.31277185910419736,0.0606868865254054
1719627093.1609712,82141,0.3976414795098384,0.0603548662760698
1719627140.426327,82205,1.041467943369195,0.0653585258629088
1719627185.0205486,82269,-0.6938434091217176,0.0606583886093991
1719627280.876619,82397,-0.5621382694097139,0.056176885998593
1719627323.3617115,82461,0.24865410866344317,0.0580199827234774
1719627378.413552,82525,0.11511373678129988,0.0600115961143066
1719627426.5660348,82589,0.2911760232317,0.0631307451459723
1719627479.5611742,82653,-0.14530567343075723,0.0590675918389922
1719627530.4181125,82717,0.2760543236309412,0.0634292232497055
1719627678.159917,82909,0.07045173108892999,0.065925279534412
1719627834.8305228,83101,0.4509732541554954,0.067518911092043
1719627935.1587362,83229,-0.06826227319733758,0.0692864701333504
1719628031.097166,83357,-0.4022072021806756,0.0668452906951979
1719628072.272888,83421,0.08301567059148618,0.0712398289052049
1719628123.6411254,83485,0.8063809601235745,0.073679768858392
1719628175.2748344,83549,-0.6061247427169315,0.0668523425151082
1719628229.8149686,83613,-0.34888104657025737,0.0615828866516376
1719628428.7847216,83869,-0.29134909651810587,0.0579352800677033
1719628631.8230681,84125,0.2757009330691831,0.0609957182625146
1719628733.5936317,84253,0.6271334278915957,0.062803934694306
1719628780.1731563,84317,0.13309065501949235,0.0673449136405459
1719628830.7492013,84381,0.5492863043753888,0.067427256029325
1719628930.4945302,84509,0.3346248796686193,0.0699749254752533
1719628984.036534,84573,0.08017125273885206,0.0657012013820181
1719629034.7297082,84637,-0.6567279498429729,0.0632300545252998
1719629186.4721134,84829,0.3838722328111578,0.0658700169769677
1719629236.4470057,84893,0.16663012917310271,0.0659823864241959
1719629334.6178482,85021,-0.7071966169661186,0.0625663382560213
1719629385.7469149,85085,-0.765892702091638,0.0580666837933356
1719629430.5727808,85149,-0.49769789767257344,0.0566950795606532
1719629532.6945343,85277,0.8617923582735996,0.0599034625322237
1719629584.99095,85341,0.7433831902133103,0.0630569745319448
1719629635.6878932,85405,-0.4536942155967929,0.0607691163859354
1719629733.9350622,85533,-0.3042954310444479,0.0527324136099472
1719629786.4818802,85597,0.7187182780447581,0.0560694980644204
1719629889.0393372,85725,-0.10448073146768921,0.0572100823556331
1719629935.593708,85789,0.49488197896055663,0.0612641336958485
1719629982.9214988,85853,-0.8348823134958364,0.0544473864860268
1719630032.7769005,85917,-0.17251669599441954,0.056056888502455
1719630084.457516,85981,0.23205393077011394,0.0590321845046662
1719630137.261354,86045,0.309328383234615,0.0605368171852662
1719630233.897682,86173,0.5929714483008293,0.064998687645572
1719630284.593525,86237,-0.17652652661931878,0.063880682490725
1719630437.219995,86429,0.8328272090433408,0.0675965777794338
1719630685.610516,86749,0.7253659904899088,0.0718762446422631
1719630881.7079442,87005,-0.8766083439328711,0.0668410984976174
1719631280.8058724,87517,-0.33588597440087936,0.0623000951377806
1719631331.6730237,87581,-0.4850077622395778,0.0612280455314766
1719631383.2733188,87645,0.21207920516824952,0.0624274933321504
1719631432.4556603,87709,0.22086702925999868,0.0640370286209308
1719631484.0301995,87773,-0.02053445700858153,0.0674258828690493
1719631629.0094564,87965,-0.09580119636840956,0.0683918051459202
1719631680.7694607,88029,0.7858457915265993,0.0709808932590767
1719631784.039133,88157,-0.3017123270877444,0.0701532587272547
1719631833.9454877,88221,-0.4244574680977362,0.0679836274674494
1719631935.2898424,88349,0.4992305118200525,0.0704976654444712
1719631986.7703693,88413,-0.3206309825370909,0.0659461596423363
1719632039.9990568,88477,-0.0024579436134054555,0.06451549862546
1719632087.4103577,88541,0.06802906245416929,0.0600868104708806
1719632187.9952838,88669,-0.11979285212362839,0.0553293289662704
1719632239.7511923,88733,0.6592773027906151,0.0587455410994505
1719632293.1265013,88797,0.9134598235117064,0.0636139134697933
1719632345.8322575,88861,-0.04880722436024926,0.0633052754526306
1719632395.672207,88925,-0.1435082757897143,0.0593857399257951
1719632497.0673072,89053,0.038880352336979396,0.0622198010713139
1719632551.1446307,89117,-0.13898983878258397,0.0611894020090845
1719632599.0693626,89181,0.5160025783252009,0.0674742942404488
1719632693.512446,89309,-0.13967051907432199,0.0619650910333795
1719632796.527429,89437,0.4560410221839788,0.0667601549375715
1719632843.1800709,89501,0.25520696920738417,0.0696800460975985
1719633098.997122,89821,-0.13933924462228414,0.070041169746629
1719633202.34591,89949,0.5879923473982314,0.07589115407509
1719633402.17616,90205,-0.21945258756315722,0.0742509276622163
1719633451.6862652,90269,-0.05585182874916089,0.0770971642260929
1719633503.4712017,90333,0.27675603828140094,0.0794207322080762
1719633705.7038112,90589,-0.6102398166656393,0.0725448702797276
1719633803.2709234,90717,-0.7475667455205839,0.0656450903103407
1719633959.66186,90909,0.4370185174432901,0.0664743091676027
1719634006.9868362,90973,0.4535579532913063,0.0707314935096111
1719634162.0692532,91165,0.11856964210968202,0.0742062061687663
1719634212.1143136,91229,0.34729248947966707,0.0790739172359632
1719634359.6541324,91421,0.14462959418907062,0.0792466587296992
1719634410.953055,91485,-0.056071590198095766,0.0802605874003396
1719634564.4853702,91677,-0.30852459168255403,0.0762239588437234
1719634613.9140835,91741,-0.13072038175336242,0.0740409141269043
1719634663.3690605,91805,0.45835093709092156,0.077563068084119
1719634712.0132546,91869,0.08250428216481631,0.0762956969276698
1719634761.0760546,91933,-0.1960945263335046,0.0760195273699103
1719634814.1139116,91997,-0.29991775763845646,0.0729178868251283
1719634865.108751,92061,-0.3064627576675305,0.068452972131393
1719634967.0857522,92189,-0.19596914818784145,0.0689522695145792
1719635016.028904,92253,0.4171929178799314,0.0712637298593683
1719635066.140154,92317,-0.2726178433423868,0.0701811347579889
1719635111.7966588,92381,-0.5995231073522309,0.0645602238422274
1719635158.9502318,92445,0.4835835716618524,0.067853602193175
1719635209.1505826,92509,-0.30781236659755135,0.0672728995770028
1719635260.4765532,92573,0.5217161514094257,0.0733950560898465
1719635308.437681,92637,0.041076814617279744,0.0698560311813815
1719635359.4450614,92701,0.4084123240677471,0.0718721406095745
1719635554.4730594,92957,0.5698756175430071,0.075697675428154
1719635703.5136106,93149,0.4524961707776781,0.0750253614805726
1719635758.5079293,93213,0.3069925492471195,0.0804715761290135
1719635810.430712,93277,0.22730875017126695,0.077262258048602
1719635859.9226165,93341,-0.05584629523675755,0.0788984924555257
1719635953.9547591,93469,0.23982769825435024,0.081291451569671
1719636008.145969,93533,-1.1355113661538514,0.0739387344005593
1719636055.269108,93597,-0.4538152480152254,0.0700047543269884
1719636104.4858518,93661,0.37111118090148465,0.0702238180567672
1719636152.369637,93725,0.010927208176520153,0.0714914597369026
1719636202.8696084,93789,0.44247249141123035,0.0754342867567326
1719636255.9210482,93853,-0.12333144474575142,0.0769237051373771
1719636301.566428,93917,0.6609307539458977,0.0813984047358519
1719636350.6740348,93981,0.5562987898567913,0.0844972250575728
1719636500.625167,94173,-0.28334211422511657,0.0801578924826447
1719636605.052821,94301,-0.11820170517438622,0.075757603220847
1719636655.1444795,94365,0.8677183719041135,0.0805010247078175
1719636853.6649628,94621,-0.47933761198885994,0.0764287687911394
1719636904.7426076,94685,-0.1384850113087185,0.0762271117641005
1719636959.1864421,94749,-0.4946385252632876,0.075343839019921
1719637052.393823,94877,-0.119111489075157,0.0739372661728789
1719637099.917835,94941,0.6214442169562076,0.0753542403823329
1719637253.1708589,95133,0.5803629008229017,0.0778804526961406
1719637392.8754985,95325,-0.37750610993336775,0.0767259376500706
1719637493.797209,95453,-0.15478370452459156,0.0696194500673099
1719637685.974804,95709,0.8847593102177753,0.0745470313012933
1719637735.9106684,95773,0.6528436724956022,0.0759250659634039
1719637787.0900834,95837,0.7069988808586865,0.0832019922601378
1719637837.899333,95901,-0.3259321986487725,0.0789020889068222
1719637988.681653,96093,0.5315128434480936,0.0817237239764858
1719638089.8743777,96221,0.30211442581275116,0.0864997532759835
1719638139.0574243,96285,0.20694512764355366,0.087481690164007
1719638189.1207302,96349,-0.023664525000127445,0.0911419165691329
1719638240.5011737,96413,0.4084676644597498,0.0895716773120043
1719638294.422947,96477,0.2741252882647013,0.0951164706911227
1719638395.2293706,96605,0.37217684079350344,0.0985727071575813
1719638446.8555064,96669,-0.34917414996454166,0.0909104086997555
1719638601.4007633,96861,0.2278400255842017,0.0881539245554498
1719638650.5257099,96925,0.046782701542068206,0.0865102688202374
1719638698.9259238,96989,0.800389470454941,0.090440566406958
1719638746.1444762,97053,0.3666999264417554,0.0911385472824775
1719638796.4958975,97117,0.7724536641069351,0.0946775251861835
1719638851.1404946,97181,-0.09525382590332987,0.095141539021244
1719639097.8415432,97501,0.543640439991874,0.0966828223527255
1719639146.9521654,97565,0.11313663456665046,0.0931938503730797
1719639195.875842,97629,-0.10033052993536756,0.0906104562366882
1719639442.8694391,97949,-0.029385092847172556,0.0941676002164716
1719639549.164516,98077,0.39050255152914504,0.0933274805640407
1719639597.5200322,98141,-0.09923795955869252,0.0927108360264417
1719639643.4353118,98205,-0.3342598826117973,0.0890385972347576
1719639693.6103938,98269,-0.24386828324535464,0.0843694985731485
1719639793.9309475,98397,-0.04773693501729842,0.087757150154355
1719639844.0210354,98461,0.789105516818285,0.0916783339752033
1719639894.4928193,98525,-0.43444766846521776,0.0895441557717432
1719639943.8402376,98589,-0.2780786906939293,0.0819123829006398
1719639998.0773685,98653,0.7577916755079301,0.0853004210225129
1719640049.037271,98717,-0.0647541303183507,0.0838197173940808
1719640096.2225647,98781,0.22722020066832294,0.0896888897253049
1719640199.8554692,98909,-0.9123015001790654,0.0821342626329734
1719640297.995197,99037,0.7239342822328925,0.0860092604339321
1719640349.1104677,99101,0.09480235437173179,0.0879593557109433
1719640399.4713452,99165,0.10744218875615674,0.086933178048622
1719640498.5620728,99293,0.020449781264679556,0.0901952900963809
1719640544.4716237,99357,-0.6171617004520972,0.0858163296381821
1719640650.2185352,99485,0.5501569093217014,0.091241195639744
1719640750.0592742,99613,0.809068500689502,0.0982607865403182
1719640802.0097387,99677,0.0847875460428621,0.094964592403202
1719640848.079115,99741,-1.0577047989693908,0.0878521685783076
1719640904.0936713,99805,-0.16335573486007182,0.0861690528919563
1719640953.4161649,99869,0.17991357407764386,0.0917593588577659
1719641005.8359334,99933,0.17306447067522657,0.0959936267297295
1719641104.077697,100061,0.49025005292227053,0.1011554900718274
